Experiment ID (Run ID),Completed Succesfully ,Dataset,Number of Eval Images nD,AI Architecture,Number of Samples nS,Pruning Method,Ranking Method,Sampling Method,Pruning Probability,Number of AI Models,poisoned_model_count,number of erroneous predictions based on linear regression,LR of A: FN+FP/#models,LR of A: #FP/#Models,LR of A: #FN/#Models ,Average execution time per AI model [s],Stdev of execution time [s], avg_cross_entropy_loss, stdev_cross_entropy_loss ,b0, b1, b2, b3, b4, b5, b6, b7, b8, b9, b10, b11, b12, b13, b14, b15, b16, b17, b18, b19, b20, b21, b22, b23, b24, b25, b26, b27, b28, b29, b30, b31, b32, b33, b34, b35,b36,b37,b38,b39,b40,b41,b42,b43,b44,b45
nisaba-run3-nS45-nD100-reset_LR_results,yes,R5,100,GruLinearModel,45,reset,L1,targeted,0.5,837,423,232,27.72,15.17,12.54,10.83483669,0.433843538,0.5505,0.4618,2.265564079,0.060302965,-0.221712894,-0.122061977,-0.448307629,-0.015624153,-0.124979645,-0.203069922,0.256257927,-0.576191607,-0.131011853,0.004472125,0.306441989,-0.377203077,0.685909004,-0.656910193,-0.368559324,0.705712345,-0.210817282,-0.069781995,-0.032140395,-0.151033746,-0.069861148,-0.651971496,0.003186353,0.003186353,0.003186353,0.003186353,0.003186353,0.003186353,0.003186353,0.003186353,0.003186353,0.003186353,0.003186353,0.003186353,0.003186353,0.003186353,0.003186353,0.003186353,0.003186353,0.003186353,0.003186353,0.003186353,0.003186353,0.003186353
nisaba-run5-nS35-nD100-reset_LR_results,yes,R5,100,LstmLinearModel,35,reset,L1,targeted,0.3,819,405,249,30.4,17.83,12.58,8.684339696,0.537423937,0.5866,0.4496,1.42272399,-0.222751328,0.370714578,0.862471255,-0.455929943,-0.30470596,0.461204491,-0.208822999,-0.491997748,-0.287367077,-0.049988376,-0.580437907,0.167970141,-0.043550348,0.153582882,-0.491874973,0.225645756,0.010473565,0.193249716,-0.172051599,-0.152925213,0.340694583,-0.259566077,-0.098017122,-0.314971977,-0.005796892,-0.005796892,-0.005796892,-0.005796892,-0.005796892,-0.005796892,-0.005796892,-0.005796892,-0.005796892,-0.005796892,-0.005796892,,,,,,,,,,
